n,m_mean,time_mean,time_std,trials,ci_half,b_over_a,ci_low,ci_high,fit_time_pred
100,396.73333333333335,0.001088938933333831,0.00017237969462002723,15,7.321606428481618e-05,0.06723615259182827,0.0010157228690490148,0.0011621549976186473,0.0011684800776249264
200,806.0666666666667,0.004728962866664688,0.004205429741468157,15,0.001786202342307885,0.3777154510768413,0.0029427605243568028,0.006515165208972573,0.004687919335182141
400,1595.4,0.02039497560000143,0.013984446619217428,15,0.005939714331883077,0.2912341965186102,0.014455261268118353,0.02633468993188451,0.01880784115536191
800,3185.133333333333,0.08151084546666709,0.026729931667559235,15,0.0113531956279112,0.13928447880661424,0.07015764983875589,0.0928640410945783,0.07545669275292285
1600,6386.466666666666,0.2828411377999989,0.027046952577388962,15,0.011487846193135183,0.04061589584347665,0.2713532916068637,0.2943289839931341,0.3027307830907422
2400,9629.933333333332,0.6631977062666635,0.02543181700362429,15,0.01080183807449852,0.01628750819315294,0.652395868192165,0.673999544341162,0.6823369145758621
